ninjaFail ninjaFail,0
ninjaBull ninjaBull ninjaBull ninjaBull ninjaBull ninjaRed ninjaRed ninjaRed ninjaRed,0
ninjaCart ninjaCart ninjaCart ninjaCart ninjaCart,0
NinjaGrumpy,0
ninjaFail ninjaFail,0
ninjaK ninjaK ninjaK,0
ninjaPopcorn ninjaBlast1 ninjaBlast2 ninjaBlast3 ninjaLlama ninjaBlood,0
ninjaCreep,0
PogChamp PogChamp PogChamp PogChamp PogChamp PogChamp,0
ninjaCry ninjaCry ninjaCry ninjaCry ninjaCry ninjaCry,0
ninjaFail ninjaFail ninjaFail ninjaFail ninjaFail ninjaFail ninjaFail,0
auteniShrug auteniShrug auteniShrug,0
ninjaHyper ninjaHyper ninjaHyperr ninjaHyperr,0
ninjaCry ninjaCry ninjaCry ninjaCry ninjaCry ninjaCry ninjaCry ninjaCry,0
ninjaFail ninjaFail ninjaFail ninjaFail ninjaFail ninjaFail ninjaFail ninjaFail,1
ninjaDisco ninjaWifey ninjaFail ninjaHyperr ninjaShield,0
ninjaCry ninjaCry ninjaCry ninjaCry,0
"Guarantee your PC gaming performance with BLD by NZXT. The simplest way to get a customized gaming PC. Chose the games you want to play, set a budget, and BLD takes care of the rest. Built and shipped within 48 hours with a 2-year warranty. https",0
ninjaShrug,0
ninjaPon,0
ninjaPon,0
Hebrindir just subscribed with Twitch Prime!,0
GivePLZ TakeNRG GivePLZ TakeNRG GivePLZ TakeNRG GivePLZ TakeNRG GivePLZ TakeNRG GivePLZ TakeNRG GivePLZ TakeNRG GivePLZ TakeNRG GivePLZ TakeNRG,0
ninjaPon ninjaPon ninjaPon ninjaPon ninjaPon ninjaPon ninjaPon ninjaPon ninjaPon ninjaPon ninjaPon ninjaPon,1
ninjaCRINJA ninjaCRINJA ninjaCRINJA ninjaCRINJA ninjaCRINJA ninjaCRINJA ninjaCRINJA ninjaCRINJA ninjaCRINJA,0
ninjaCRINJA ninjaCRINJA ninjaCRINJA ninjaCRINJA ninjaCRINJA,0
ninjaFail ninjaFail ninjaFail ninjaFail,0
TooSpicy,0
ninjaTooth ninjaTooth ninjaTooth,0
lupoBOOTY lupoBOOTY lupoBOOTY lupoBOOTY lupoBOOTY lupoBOOTY,0
ninjaPon ninjaPon,0
Maddhijoint just subscribed with Twitch Prime. Maddhijoint subscribed for 6 months in a row! [SubMessage],0
ninjaK ninjaK,0
ninjaThrow ninjaThrow ninjaThrow ninjaThrow ninjaThrow,0
ninjaClap ninjaClap ninjaClap ninjaClap ninjaClap ninjaClap ninjaClap ninjaClap ninjaClap ninjaClap ninjaClap ninjaClap ninjaClap,0
ninjaAmazing ninjaAmazing ninjaAmazing ninjaAmazing ninjaAmazing ninjaAmazing ninjaAmazing ninjaAmazing ninjaAmazing ninjaAmazing ninjaAmazing ninjaAmazing ninjaAmazing,1
ninjaPon ninjaPon ninjaPon ninjaPon,0
ninjaPrime jgoPrime ninjaPrime jgoPrime ninjaPrime jgoPrime ninjaPrime jgoPrime ninjaPrime jgoPrime ninjaPrime,0
LUL LUL LUL LUL,0
ninjaCry ninjaCry ninjaCry ninjaCry ninjaCry ninjaCry ninjaHS ninjaHS ninjaHS ninjaHS ninjaHS,0
ninjaS ninjaS ninjaS ninjaS ninjaS ninjaS ninjaS ninjaS ninjaS ninjaS ninjaS ninjaS ninjaS ninjaS ninjaS ninjaS ninjaS ninjaS ninjaS ninjaS ninjaS ninjaS ninjaS ninjaS ninjaS ninjaS,0
ninjaPon ninjaPon ninjaPon,0
ninjaCreep ninjaClap ninjaCreep ninjaClap,0
ninjaFail ninjaFail ninjaFail,0
ninjaFan ninjaFan ninjaFan ninjaFan ninjaFan ninjaFan ninjaFan ninjaFan ninjaFan ninjaFan ninjaFan ninjaFan ninjaFan ninjaFan ninjaFan ninjaFan ninjaFan ninjaFan ninjaFan ninjaFan ninjaFan ninjaFan,0
ninjaS ninjaS ninjaS ninjaS,0
TableHere FlipThis TableHere FlipThis TableHere FlipThis TableHere FlipThis TableHere FlipThis TableHere FlipThis TableHere FlipThis TableHere,0
ninjaFail ninjaFail ninjaFail ninjaFail ninjaFail ninjaFail ninjaFail ninjaFail,1
ninjaAww ninjaAww ninjaAww ninjaAww ninjaAww ninjaAww ninjaAww ninjaAww ninjaAww KappaPride ninjaAww KappaPride,0
ninjaCreep ninjaCreep ninjaCreep ninjaCreep ninjaCreep ninjaCreep ninjaCreep ninjaCreep ninjaCreep ninjaCreep ninjaPon ninjaPon ninjaPon ninjaPon ninjaPon ninjaPon,0
ninjaCreep ninjaCreep ninjaCreep ninjaCreep ninjaCreep ninjaCreep ninjaCreep ninjaCreep ninjaCreep ninjaCreep ninjaCreep,0
ninjaBlast2 ninjaBlast3,0
PokPikachu PokPikachu,0
ninjaPon,1
ninjaPon ninjaPon ninjaPon ninjaPon ninjaPon,0
ninjaRed ninjaRed ninjaRed,0
ninjaRekt ninjaRekt ninjaRekt ninjaRekt ninjaRekt ninjaRekt ninjaRekt,1
imGlitch RaccAttack,0
ninjaShield,0
TheIlluminati,0
ninjaThirst ninjaTroll,0
ninjaBlood ninjaBlood ninjaBlood ninjaBlood ninjaBlood ninjaBlood ninjaBlood ninjaBlood ninjaBlood ninjaBlood,0
ImWingzz just subscribed with a Tier 1 sub!,0
ninjaCry ninjaCry,0
ninjaPrime ninjaPrime ninjaPrime ninjaPrime ninjaPrime ninjaCreep,0
ninjaFail ninjaStars ninjaWifey ninjaAww ninjaShield ninjaDisco ninjaBomb ninjaCRINJA ninjaPopcorn ninjaBlood ninjaS ninjaThrow,1
new skins Pog,-1
HSWP,1
ninjaSplat ninjaSplat ninjaSplat ninjaSplat ninjaSplat ninjaSplat ninjaSplat ninjaSplat ninjaSplat ninjaSplat ninjaSplat ninjaSplat ninjaSplat ninjaSplat ninjaSplat,0
ninjaClap ninjaClap ninjaClap ninjaClap ninjaClap ninjaClap ninjaClap,1
ninjaClap ninjaClap ninjaRekt ninjaRekt ninjaRekt ninjaClap ninjaClap ninjaPon,0
gjakeG gjakeG gjakeG gjakeG gjakeG gjakeG gjakeG gjakeG gjakeG gjakeG gjakeG gjakeG gjakeG CupFooty gjakeRip gjakeRip gjakeRip gjakeRip gjakeRip gjakeRip,0
TableHere FlipThis,0
yungyahya just subscribed with a Tier 1 sub. yungyahya subscribed for 4 months in a row! [SubMessage],0
ninjaTooth ninjaTooth ninjaTooth,0
ninjaAim ninjaBlood,1
PogChamp,0
nickmercsFAM nickmercsFAM nickmercsFAM nickmercsFAM nickmercsFAM nickmercsFAM nickmercsFAM nickmercsFAM nickmercsFAM nickmercsFAM nickmercsFAM nickmercsFAM nickmercsFAM nickmercsG nickmercsG nickmercsG nickmercsG nickmercsG nickmercsG nickmercsG nickmercsG nickmercsG nickmercsG nickmercsG nickmercsG,1
CoolStoryBob CoolStoryBob CoolStoryBob CoolStoryBob CoolStoryBob CoolStoryBob,1
Smidge27 just subscribed with a Tier 1 sub. Smidge27 subscribed for 2 months in a row! [SubMessage],1
/me Support the stream with a FREE SUBSCRIPTION! Link an Amazon Prime to your Twitch account - twitch.amazon.com/prime ninjaPrime ninjaPrime Click subscribe to check if a free prime sub is available to use!,0
ninjaCRINJA ninjaCRINJA ninjaCRINJA ninjaCRINJA ninjaCRINJA ninjaCreep ninjaCreep ninjaCreep ninjaCreep ninjaCreep,0
ninjaCry ninjaCry ninjaCry ninjaCry ninjaCry,0
ninjaPrime jgoPrime ninjaPrime jgoPrime ninjaPrime jgoPrime ninjaPrime jgoPrime ninjaPrime jgoPrime ninjaPrime jgoPrime ninjaPrime,0
ninjaBlast1 ninjaBlast2 ninjaBlast3 ninjaBlast3 ninjaBlast3 ninjaBlast3 ninjaBlast3 ninjaBlast3 ninjaBlast3 ninjaBlast3 ninjaBlast3 ninjaBlast3 ninjaBlast3 ninjaBlast3 ninjaBlast3 ninjaBlast3 ninjaBlast3 ninjaBlast3 ninjaBlast3 ninjaBlast3 ninjaBlast3 ninjaBlast3 ninjaBlast3 ninjaBlast3 ninjaBlast3 ninjaBlast3 ninjaBlast3 ninjaStars ninjaBlood,0
ninjaClap ninjaClap ninjaClap ninjaClap ninjaClap ninjaClap ninjaClap ninjaClap ninjaClap ninjaClap ninjaClap ninjaClap ninjaClap ninjaClap ninjaClap ninjaClap,0
dormarien just subscribed with Twitch Prime!,1
ninjaRed ninjaHyper ninjaHyper ninjaHyper ninjaHyper ninjaHyperr ninjaBull,0
ninjaPon ninjaPon ninjaLlama ninjaLlama,0
ninjaPon,0
Hamad_KWT just subscribed with Twitch Prime!,0
ninjaAim ninjaHS ninjaBlood,0
twitchRaid,0
KappaHD KappaHD KappaHD,1
ninjaPon ninjaPon ninjaPon ninjaPon ninjaPon ninjaPon,0
ninjaK ninjaK,0
PokShadowmew ninjaHyperr ninjaHyperr ninjaHyperr ninjaHyperr ninjaHyperr ninjaHyperr ninjaHyperr ninjaHyperr ninjaHyperr ninjaHyperr ninjaHyperr ninjaHyperr ninjaHyperr ninjaHyperr ninjaHyperr ninjaHyperr ninjaHyperr ninjaHyperr ninjaHyperr ninjaHyperr ninjaHyperr,0
ninjaCart ninjaCart ninjaCart ninjaCart ninjaCart,0
ninjaFan ninjaFan ninjaFan ninjaFan ninjaFan ninjaFan,0
ninjaIQ ninjaBlast1 ninjaBlank,0
ninjaPon ninjaPon ninjaPon,0
ninjaCry ninjaCry ninjaCry ninjaCry ninjaCry ninjaCry ninjaCry ninjaCry ninjaCry ninjaCry ninjaCry ninjaCry ninjaCash ninjaCash ninjaCash ninjaCash ninjaCash ninjaCash ninjaCash ninjaCash ninjaCash ninjaCash,0
HeyGuys HeyGuys HeyGuys HeyGuys,-1
PrimeRlyTho,0
ninjaBlast1 ninjaStars ninjaStars,1
wackypast just subscribed with Twitch Prime!,0
FortOne FortOne FortOne FortOne FortOne FortOne FortOne FortOne FortOne,1
PokShadowmew ninjaHyperr ninjaHyperr ninjaHyperr ninjaHyperr ninjaHyperr ninjaHyperr ninjaHyperr ninjaHyperr ninjaHyperr ninjaHyperr ninjaHyperr ninjaHyperr ninjaHyperr ninjaHyperr ninjaHyperr ninjaHyperr ninjaHyperr ninjaHyperr ninjaHyperr ninjaHyperr ninjaHyperr,1
ninjaS ninjaS ninjaS ninjaS ninjaS ninjaS ninjaS ninjaS ninjaS ninjaS ninjaS ninjaS ninjaS ninjaS ninjaS ninjaS ninjaS ninjaS ninjaS ninjaS ninjaS ninjaS ninjaS ninjaS ninjaS ninjaS ninjaS ninjaS ninjaS ninjaS ninjaS ninjaS ninjaS ninjaS,0
ninjaRed ninjaBull ninjaRed ninjaRed ninjaBull ninjaRed ninjaBull ninjaRed ninjaBull,0
ninjaIQ,0
ninjaShrug ninjaHyper ninjaHyper ninjaHyperr,0
tfueTOXIC tfueTOXIC tfueTOXIC tfueTOXIC tfueTOXIC,0
ninjaAmazing ninjaCRINJA ninjaBlast2 ninjaBlast3 ninjaBlast3 ninjaBlast3 ninjaBlast3,0
ninjaCRINJA,1
ninjaPon ninjaPon ninjaPon ninjaPon ninjaPon ninjaPon ninjaPon ninjaPon ninjaPon ninjaPon,0
ninjaPon ninjaPon ninjaPon ninjaPon ninjaPon ninjaPon,0
ninjaBlast1 ninjaBlast2 ninjaBlast3 ninjaBlast3 ninjaLlama ninjaBlood,0
ninjaPon,0
ninjaCreep ninjaCreep ninjaCreep ninjaCreep,0
ninjaAim ninjaAim ninjaAim ninjaAim ninjaAim ninjaAim ninjaAim ninjaAim ninjaAim ninjaAim ninjaAim ninjaAim ninjaAim ninjaAim ninjaAim ninjaAim ninjaAim ninjaAim ninjaAim ninjaAim ninjaAim ninjaAim ninjaAim ninjaAim ninjaAim ninjaAim ninjaAim ninjaAim,0
ninjaBush ninjaBush ninjaBush ninjaBush,0
NichoLazar just subscribed with Twitch Prime. NichoLazar subscribed for 4 months in a row!,0
ninjaAim ninjaBlood ninjaAim ninjaBlood ninjaAim ninjaBlood ninjaAim ninjaBlood ninjaAim ninjaBlood ninjaAim ninjaBlood ninjaAim ninjaBlood ninjaAim ninjaBlood ninjaAim ninjaBlood ninjaAim ninjaBlood ninjaAim ninjaBlood,1
ninjaCRINJA ninjaCRINJA,0
ninjaAim,0
ninjaCry ninjaCry ninjaCry ninjaCry ninjaCry ninjaCry ninjaCry ninjaCry,1
MercyWing1 MercyWing2,1
ninjaCRINJA ninjaCRINJA ninjaCRINJA ninjaCRINJA,0
ninjaLlama ninjaLlama ninjaLlama ninjaLlama ninjaLlama ninjaLlama ninjaLlama ninjaLlama ninjaLlama ninjaLlama ninjaLlama,0
ninjaCreep ninjaCreep ninjaCreep ninjaCreep ninjaCreep ninjaCreep ninjaCreep ninjaCreep ninjaCreep ninjaCreep ninjaCreep ninjaCreep ninjaCreep ninjaCreep ninjaCreep ninjaCreep ninjaCreep ninjaCreep ninjaCreep,0
ninjaBull ninjaRed,1
ninjaDisco ninjaDisco ninjaShield ninjaDisco ninjaDisco ninjaDisco ninjaDisco,0
ninjaThrow ninjaStars ninjaStars ninjaStars ninjaStars ninjaStars ninjaStars ninjaStars ninjaStars ninjaStars ninjaStars ninjaStars ninjaStars ninjaStars ninjaStars ninjaStars ninjaStars ninjaStars ninjaStars ninjaStars ninjaStars ninjaStars ninjaStars ninjaStars ninjaStars,0
ninjaLlama ninjaLlama ninjaLlama ninjaLlama ninjaLlama ninjaLlama ninjaLlama ninjaLlama ninjaLlama ninjaLlama ninjaLlama ninjaLlama ninjaLlama ninjaLlama,0
ninjaPon ninjaPon ninjaPon,1
ninjaBlast1 ninjaBlast2 ninjaBlast2 ninjaBlast3 ninjaBlast3 ninjaBlast3 ninjaBlast3 ninjaBlast3 ninjaBlast3 ninjaBlast3 ninjaBlast3 ninjaBlast3 ninjaBlast3 ninjaBlast3 ninjaBlast3 ninjaBlast3 ninjaBlast3 ninjaBlast3 ninjaBlast3 ninjaCart ninjaPon,0
TwitchVotes DrinkPurple PartyPopper,0
ninjaRed ninjaBull,0
LUL,0
ninjaBlast1 ninjaBlast2 ninjaBlast3,0
ninjaTooth ninjaTooth ninjaTooth ninjaTooth ninjaTooth ninjaTooth ninjaTooth ninjaTooth ninjaTooth ninjaTooth ninjaTooth ninjaTooth ninjaTooth ninjaTooth ninjaTooth ninjaTooth ninjaTooth ninjaTooth ninjaTooth ninjaTooth ninjaTooth ninjaTooth ninjaFood ninjaFood ninjaFood ninjaFood ninjaFood ninjaFood ninjaFood ninjaFood ninjaTooth ninjaTooth ninjaTooth ninjaTooth ninjaTooth,0
ninjaCreep ninjaCreep ninjaCreep ninjaCreep,0
ninjaS,0
ninjaHype ninjaHype ninjaHype,1
DrinkPurple DrinkPurple DrinkPurple DrinkPurple DrinkPurple DrinkPurple ninjaAim ninjaAim,0
KappaPride KappaPride KappaPride KappaPride KappaPride KappaPride KappaPride KappaPride KappaPride,0
DrinkPurple DrinkPurple DrinkPurple DrinkPurple,0
ninjaThrow ninjaStars ninjaStars ninjaStars ninjaStars ninjaStars ninjaStars ninjaStars ninjaStars ninjaStars ninjaStars ninjaStars ninjaStars ninjaStars ninjaStars ninjaStars ninjaStars ninjaStars ninjaStars ninjaStars ninjaStars ninjaStars ninjaBlood ninjaS,0
ninjaBlast1 ninjaBlast2 ninjaBlast3 ninjaBlast3 ninjaBlast3 ninjaBlast3 ninjaBlast3 ninjaBlast3 ninjaBlast3 ninjaBlast3 ninjaAww,1
/me ninjaK ninjaHype NEW NINJA SHIRTS & PINS @ metathreads.com/collections/ninja & more Ninja Merch @ tee.pub/lic/ninja ninjaHype ninjaK,0
ninjaS ninjaS ninjaS ninjaS,0
ninjaBlast1 ninjaBlast2 ninjaBlast3 ninjaBlast3 ninjaBlast3 ninjaBlast3 ninjaBlast3 ninjaBlast3 ninjaBlast3 ninjaBlast3 ninjaBlast3 ninjaBlast3 ninjaBlast3 ninjaBlast3 ninjaSplode ninjaBlood,0
ninjaK ninjaK ninjaK ninjaK ninjaK ninjaK ninjaK ninjaK ninjaK ninjaK,0
ninjaRekt ninjaRekt ninjaRekt ninjaBlank ninjaH,0
LUL LUL LUL LUL LUL LUL,0
ninjaIQ ninjaIQ ninjaIQ ninjaIQ ninjaIQ ninjaIQ,0
ninjaBlast1 ninjaBlast1 ninjaBlast1 ninjaBlast1 ninjaBlast1 ninjaBlast1 ninjaBlast1 ninjaBlast1 ninjaBlast1 ninjaBlast1,0
psyklr just subscribed with Twitch Prime. psyklr subscribed for 4 months in a row! [SubMessage],1
ninjaK ninjaPon PrimeMe,0
hamzKiss hamzKiss hamzKiss hamzKiss hamzSus hamzSus,1
PogChamp PogChamp PogChamp PogChamp,0
ninjaRed ninjaBull ninjaBlast2 ninjaBlast2 ninjaBlast2 ninjaBlast2 ninjaIQ ninjaBull ninjaRed ninjaIQ,1
ninjaCRINJA ninjaCRINJA ninjaCRINJA ninjaThrow ninjaStars,0
ninjaHype ninjaHype ninjaHype ninjaHype ninjaHype ninjaHype ninjaHype ninjaHype ninjaHype,0
PogChamp PogChamp PogChamp PogChamp PogChamp PogChamp,1
MercyWing1 ninjaTooth MercyWing2,0
ninjaAmazing ninjaAmazing ninjaAmazing ninjaAmazing ninjaAmazing ninjaAmazing ninjaAmazing,0
ninjafan2009ponpon just subscribed with Twitch Prime!,0
ninjaCRINJA,0
slaidan just subscribed with Twitch Prime. slaidan subscribed for 11 months in a row! [SubMessage],0
4Head,0
ninjaPrime jgoPrime ninjaPrime jgoPrime ninjaPrime jgoPrime ninjaPrime jgoPrime ninjaPrime jgoPrime ninjaPrime jgoPrime ninjaPrime,0
ninjaPon ninjaPon ninjaPon ninjaPon ninjaPon ninjaPon ninjaPon ninjaPon,1
nkeller2017 just subscribed with Twitch Prime. nkeller2017 subscribed for 4 months in a row! [SubMessage],0
PogChamp PogChamp PogChamp PogChamp PogChamp PogChamp,1
DansGame DansGame DansGame DansGame,0
ninjaPon,1
ninjaBush ninjaBush ninjaBush ninjaBush ninjaBush,0
KappaHD,1
ninjaPopcorn DrinkPurple,0
ninjaFail ninjaFail ninjaFail ninjaFail ninjaFail ninjaFail,0
amirel12 just subscribed with Twitch Prime!,0
PogChamp PogChamp PogChamp PogChamp PogChamp PogChamp PogChamp PogChamp PogChamp PogChamp PogChamp PogChamp PogChamp PogChamp PogChamp PogChamp PogChamp PogChamp PogChamp PogChamp,0
ninjaHype ninjaHype ninjaHype ninjaHype ninjaHype ninjaHype,1
MercyWing1 pokemoS MercyWing2,1
ninjaHi,1
ninjaThirst ninjaS ninjaTroll ninjaShrug ninjaFan ninjaShrug ninjaFan ninjaFan ninjaFan ninjaFan ninjaFan ninjaFan ninjaFan ninjaFan ninjaFan ninjaFan ninjaFan ninjaFan ninjaFan ninjaFan ninjaFan ninjaFan ninjaFan ninjaFan ninjaFan ninjaFan ninjaFan ninjaFan,0
KappaHD,0
ninjaLlama ninjaLlama ninjaLlama ninjaLlama ninjaLlama ninjaLlama ninjaLlama ninjaLlama ninjaLlama ninjaLlama ninjaLlama,0
ninjaK ninjaK ninjaK ninjaK ninjaK ninjaK ninjaK ninjaK ninjaK ninjaK ninjaK ninjaK ninjaK ninjaK ninjaK ninjaK ninjaK ninjaK ninjaK ninjaK ninjaK ninjaK ninjaK ninjaK ninjaK,0
VoteYea VoteYea VoteYea VoteYea VoteYea VoteYea VoteYea VoteYea VoteYea VoteYea VoteYea,0
ninjaCRINJA ninjaCRINJA ninjaCRINJA,0
ninjaPon ninjaPon,-1
KAPOW KAPOW KAPOW KAPOW KAPOW KAPOW KAPOW KAPOW KAPOW,1
ninjaStars ninjaStars ninjaStars ninjaStars ninjaStars ninjaStars ninjaStars ninjaStars ninjaStars ninjaStars ninjaStars ninjaStars ninjaStars ninjaStars ninjaStars,-1
ninjaPopcorn ninjaPopcorn ninjaPopcorn ninjaPopcorn ninjaPopcorn ninjaPopcorn ninjaPopcorn,0
ninjaAww ninjaSplat ninjaH,0
PokBraixen FortHype PokGengar,0
"/me Join the Ninjas, gain loyalty badges, 50 emotes, support Tyler and the stream by subscribing here! twitch.tv/subs/ninja ninjaK ninjaGold",0
Jokerman221 just subscribed with Twitch Prime. Jokerman221 subscribed for 2 months in a row!,0
,0
vCarnage just subscribed with Twitch Prime. vCarnage subscribed for 7 months in a row! [SubMessage],0
ninjaTooth ninjaTooth ninjaTooth ninjaTooth ninjaCreep ninjaCreep ninjaCreep ninjaCRINJA ninjaCRINJA ninjaCRINJA,-1
tfueRAGE,0
ninjaThirst ninjaThirst ninjaThirst ninjaAmazing ninjaAmazing ninjaAmazing ninjaCry ninjaCry ninjaCry ninjaCash ninjaCash ninjaCash,0
legendbro23 just subscribed with Twitch Prime. legendbro23 subscribed for 3 months in a row!,0
ninjaDisco ninjaDisco ninjaDisco ninjaDisco ninjaDisco ninjaShield ninjaShield ninjaShield ninjaShield ninjaBlast1 ninjaBlast1 ninjaBlast1 ninjaBlast1 ninjaBlast1 ninjaBush ninjaBush ninjaBush ninjaBush ninjaBush ninjaBush ninjaBush ninjaWifey ninjaFail ninjaFail ninjaFail ninjaThrow ninjaThrow ninjaThrow ninjaStars ninjaStars ninjaStars ninjaStars,0
ninjaAww ninjaAww ninjaAww,0
sodaGASP,0
LUL LUL LUL LUL,0
lupoLURK lupoLURK lupoLURK lupoLURK lupoLURK lupoLURK lupoLURK lupoLURK lupoLURK,0
TableHere FlipThis ninjaCry TableHere FlipThis ninjaCry TableHere FlipThis ninjaCry TableHere FlipThis ninjaCry TableHere FlipThis ninjaCry TableHere FlipThis ninjaCry TableHere FlipThis ninjaCry TableHere FlipThis ninjaCry,0
PogChamp PogChamp PogChamp,0
LUL,0
ninjaBlast1 ninjaBlast2 ninjaBlast2 ninjaBlast3 ninjaBlast3 ninjaBlast3 ninjaCry,0
ninjaHS ninjaHS ninjaHS ninjaHS ninjaHS,1
ninjaPon ninjaPon ninjaPon ninjaPon ninjaPon,0
ninjaPon,0
ninjaRed ninjaBull,0
jgoPrime ninjaPrime jgoPrime ninjaPrime jgoPrime ninjaPrime jgoPrime ninjaPrime jgoPrime ninjaPrime jgoPrime ninjaPrime jgoPrime,0
ninjaCash ninjaCash ninjaCash ninjaCash ninjaCash,1
ninjaBlast1 ninjaBlast2 ninjaBlast3 ninjaBlast3 ninjaBlast3 ninjaBlast3 ninjaBlast3 ninjaBlast3 ninjaBlast3 ninjaBlast3 ninjaSplode,0
ninjaLlama ninjaLlama,0
PokPikachu PokPikachu PokPikachu PokPikachu PokPikachu PokPikachu PokPikachu PokPikachu,0
ninjaAww ninjaAww,0
JoeJoeFett63 just subscribed with Twitch Prime!,0
daeBop,0
ninjaIQ ninjaIQ ninjaIQ,1
lupoSPLODE ninjaBull,1
ninjaK ninjaK ninjaK ninjaK ninjaK ninjaK ninjaK ninjaK ninjaK ninjaK ninjaK ninjaK,0
ninjaBlast1 ninjaBlast2 ninjaBlast3,0
ninjaWifey,0
xfighter_09 just subscribed with Twitch Prime!,0
ninjaPon ninjaPon ninjaPon ninjaPon ninjaPon ninjaPon ninjaPon ninjaPon ninjaPon ninjaPon ninjaPon ninjaPon ninjaPon ninjaPon ninjaPon ninjaPon ninjaPon ninjaPon ninjaPon ninjaPon ninjaPon ninjaPon ninjaPon ninjaPon ninjaPon ninjaPon ninjaPon,0
DrinkPurple DrinkPurple,0
ninjaBlast1 ninjaBlast1 ninjaBlast1 ninjaBlast1 ninjaBlast1 ninjaBlast1 ninjaBlast1 ninjaBlast1 ninjaBlast1 ninjaBlast1 ninjaBlast1 ninjaBlast1 ninjaBlast1 ninjaBlast1 ninjaBlast1 ninjaBlast1 ninjaBlast1 ninjaBlast1 ninjaBlast1 ninjaBlast1 ninjaBlast1 ninjaBlast1 ninjaBlast1 ninjaBlast1 ninjaBlast1 ninjaBlast1 ninjaBlast1 ninjaBlast1 ninjaBlast1 ninjaBlast1 ninjaBlast1 ninjaBlast1 ninjaBlast1 ninjaBlast1 ninjaBlast1,1
ninjaPon,0
ninjaThirst ninjaThirst ninjaThirst ninjaThirst ninjaThirst ninjaThirst ninjaThirst ninjaThirst ninjaThirst ninjaThirst,1
ninjaCreep ninjaCreep ninjaCreep,0
ninjaRed,1
ninjaAmazing,0
ninjaBlast1 ninjaBlast2 ninjaBlast3 ninjaBlast3 ninjaBlast3 ninjaBlast3 ninjaBlast3 ninjaBlast3 ninjaBlast3 ninjaBlast3 ninjaBlast3 ninjaBlast3 ninjaBlast3 ninjaBlast3 ninjaBlast3,-1
ninjaAim ninjaAim ninjaAim ninjaAim,0
ninjaGold ninjaGold,-1
ninjaFood ninjaFood ninjaFood ninjaFood ninjaFood ninjaFood ninjaFood ninjaFood ninjaFood ninjaFood ninjaFood ninjaFood ninjaFood ninjaFood,0
Therealsteb124 just subscribed with Twitch Prime!,0
/me Support the stream with a FREE SUBSCRIPTION! Link an Amazon Prime to your Twitch account - twitch.amazon.com/prime ninjaPrime ninjaPrime Click subscribe to check if a free prime sub is available to use!,0
ninjaFood ninjaFood ninjaFood ninjaFood ninjaFood ninjaFood,1
ninjaLlama ninjaBlank ninjaLlama ninjaLlama ninjaLlama ninjaLlama ninjaLlama,0
ninjaAmazing,-1
DrinkPurple,0
nkoOJ nkoOJ nkoOJ nkoOJ nkoOJ nkoOJ,-1
ninjaAmazing ninjaAmazing ninjaAmazing ninjaAmazing ninjaAmazing ninjaAmazing,0
ninjaRed,0
ninjaPon ninjaPon ninjaPon ninjaPon ninjaPon ninjaPon ninjaPon ninjaPon ninjaPon ninjaPon ninjaPon ninjaPon ninjaPon ninjaPon ninjaPon ninjaPon ninjaPon ninjaPon ninjaPon ninjaPon ninjaPon ninjaPon ninjaPon,1
ninjaPon,0
ninjaPon,0
ninjaHS PokScizor PokScizor PokScizor PokScizor PokScizor PokScizor PokScizor PokScizor PokScizor PokScizor PokScizor PokScizor PokScizor PokScizor PokScizor PokScizor PokScizor PokScizor PokScizor PokScizor PokScizor PokScizor PokScizor PokScizor PokScizor PokScizor PokScizor PokScizor PokScizor PokScizor PokScizor PokScizor PokScizor PokScizor PokScizor PokScizor PokScizor PokScizor PokScizor PokScizor PokScizor,0
Kreygasm Kreygasm,0
ninjaClap ninjaClap ninjaClap ninjaClap ninjaClap,0
KappaClaus ninjaIQ,0
ninjaDisco ninjaDisco ninjaDisco ninjaDisco ninjaDisco ninjaDisco ninjaDisco ninjaDisco ninjaDisco ninjaDisco ninjaDisco ninjaDisco ninjaDisco ninjaDisco ninjaDisco ninjaDisco ninjaDisco ninjaDisco ninjaDisco ninjaDisco ninjaDisco ninjaDisco ninjaDisco ninjaDisco ninjaDisco ninjaDisco ninjaDisco ninjaDisco ninjaDisco ninjaDisco ninjaDisco ninjaDisco ninjaDisco,0
FortLlama,0
lupoDERP,0
ninjaRekt,0
ninjaPon ninjaPon ninjaPon ninjaPon ninjaPon ninjaPon,0
diedukas just subscribed with Twitch Prime!,0
puddin6403 just subscribed with Twitch Prime. puddin6403 subscribed for 4 months in a row!,0
Anyone know why ninja has lost like 650 subs??,1
!drunk,0
Ninja is completely sober right now. \ MingLee /,0
At iD Tech camps you can learn all about how games are made and start building your own game future this summer. Check it out,0
ninjaBlast1 ninjaStars,0
Love the ninja skin,0
play with H20,0
ninjaPon ninjaPon ninjaPon ninjaPon ninjaPon ninjaPon ninjaPon ninjaPon ninjaPon ninjaPon,0
ninjaPon,0
ninjaThirst ninjaThirst ninjaPon ninjaThirst ninjaPon ninjaThirst ninjaPon ninjaThirst ninjaPon ninjaPon,0
ninjaCreep,0
MiniK,0
BadgerBaller89 just subscribed with a Tier 1 sub. BadgerBaller89 subscribed for 3 months in a row!,0
LUL,0
ninjaS ninjaS ninjaS ninjaS,1
ninja is not sober and neither am i,0
form fitting clothes... RIP,0
hi,-1
ninjaRed ninjaBull ninjaCart ninjaPon ninjaLlama ninjaBlank ninjaBlast1 ninjaBlast2 ninjaBlast3 ninjaSplode ninjaH ninjaGold ninjaHyper ninjaHyperr ninjaSplat ninjaDisco ninjaShield ninjaBush ninja10 ninjaThrow ninjaStars ninjaBomb ninjaHi ninjaShrug ninjaTroll ninjaS ninjaBlood ninjaPopcorn ninjaPrime ninjaFan ninjaAmazing ninjaThirst ninjaCRINJA ninjaHS ninjaFood ninjaAim ninjaCry ninjaCash ninjaCreep ninjaRekt ninjaClap ninjaTooth ninjaAdore,0
FILL,0
ninjaAdore,0
SNIPER SHOOTOUT @ninja,0
someone whisper me who won the summer skrimish,0
invite delirous,0
hey ninja i finished all my week the day they come out and i need to finish week 7 and ill get the new road trip skin lol,1
victory is the best xbox player,0
lets go xbox!!!,0
i will stream snipe ur ass @Ninja,0
Ninja is za best ninjaThirst ninjaAmazing ninjaHi ninjaS ninjaS,1
Y DOES HE CARE,0
ninjaPon ninjaPon ninjaPon ninjaPon ninjaPon ninjaPon ninjaPon ninjaPon ninjaPon ninjaPon ninjaPon ninjaPon ninjaPon ninjaPon ninjaPon ninjaPon ninjaCry ninjaFood ninjaFood,-1
ninjaBlast1 ninjaBlast2 ninjaBlast3 ninjaBlast3 ninjaBlast3 ninjaBlast3 ninjaBlast3 ninjaSplode,1
cloak don't be ridic,0
tjc_fortnite just subscribed with Twitch Prime!,0
Console LUL,0
ninjaPon ninjaPon ninjaPon ninjaPon ninjaPon,1
ninjaPon,0
FILLLKL,0
shop,0
ninjaDisco ninjaDisco ninjaDisco ninjaDisco ninjaDisco ninjaDisco ninjaDisco ninjaDisco ninjaDisco ninjaDisco ninjaDisco ninjaDisco ninjaDisco ninjaDisco ninjaDisco ninjaDisco,0
X OMEGALUL BOX,0
iFlashy_Gaming_YT just subscribed with Twitch Prime. iFlashy_Gaming_YT subscribed for 8 months in a row! [SubMessage],0
xbox FreakinStinkin,0
What backbling is that??,0
!song,1
https,0
1drunk,0
Your a knobhead to Jacob Yano,1
!uptie,1
LUL,0
"Guarantee your PC gaming performance with BLD by NZXT. The simplest way to get a customized gaming PC. Chose the games you want to play, set a budget, and BLD takes care of the rest. Built and shipped within 48 hours with a 2-year warranty. https",0
That is offensive,0
Nate Hill wants to play ninj daddy,0
!drunk,0
XBOX IS OP THOUGH,0
Ninja is completely sober right now. \ MingLee /,0
@hooodmilk Black Katana.,0
You won’t play against Xbox players,0
Lets go ninendo switch players,0
hes gonna go catch a pokemon,0
Xbox players are actually really good. I don't know how people like Ceeday find trash players and make the xbox community look bad tho...,1
ninjaPon ninjaPon ninjaPon ninjaPon ninjaPon,0
Playing xbox woooow,0
nightbot hes drunk,-1
ninjaPon,0
ninjaPon,0
WutFace,0
"August 18th 2018, 8",0
!time,0
twitch_Fox7,0
ninjaCreep ninjaCreep ninjaCreep,0
"skirmish is over, right?",-1
ninjaCRINJA ninjaCRINJA,0
aww i love justin,0
ninjaCreep ninjaCreep ninjaCreep ninjaCreep,1
juvilla1 just subscribed with Twitch Prime!,1
!drunk,0
Ninja is completely sober right now. \ MingLee /,1
Week 6 Skirmish info,0
!skirmish,0
who won the skrims,1
nightbot hes drunk,1
skirmish is over,0
ninja already 260 hearts on your twitter post that was like a minute ago LOL,1
wot,0
yolosupem just subscribed with Twitch Prime!,0
ninjaHype ninjaHype ninjaHype ninjaHype ninjaHype ninjaHype ninjaHype ninjaHype ninjaHype ninjaHype ninjaFan ninjaFan ninjaFan ninjaFan ninjaFan ninjaFan ninjaBomb ninjaBomb ninjaBomb ninjaBomb ninjaBomb ninjaIQ ninjaIQ ninjaIQ ninjaIQ,0
CAMMMMMM!!!!,-1
ninjaBlast1 ninjaBlast2 ninjaBlast3 ninjaHS ninjaBlood,0
Xbox is trash,0
!hentai,0
are there more games of the skirmish or is it done,0
ninjaCreep ninjaCreep ninjaCreep ninjaCreep ninjaCreep,0
FearlessnV just subscribed with Twitch Prime. FearlessnV subscribed for 6 months in a row!,0
Anyone want to duo with me on ps4,0
!stream,-1
/me Support the stream with a FREE SUBSCRIPTION! Link an Amazon Prime to your Twitch account - twitch.amazon.com/prime ninjaPrime ninjaPrime Click subscribe to check if a free prime sub is available to use!,0
@sharpctm i agree,1
cheer1000 tell drew and dan they suck at beer pong,0
xbox .ps4,0
ninjaCreep ninjaCreep ninjaCreep ninjaCreep ninjaCreep ninjaCreep ninjaCreep ninjaCreep ninjaCreep ninjaPon ninjaPon ninjaPon ninjaPon ninjaPon ninjaPon ninjaPon ninjaPon ninjaPon,0
killercaden5647 just subscribed with Twitch Prime!,0
ninjaRed ninjaBull,1
ninjaCRINJA ninjaCreep ninjaCRINJA ninjaCreep ninjaCRINJA ninjaCreep ninjaCRINJA ninjaCreep ninjaCRINJA ninjaCreep ninjaCRINJA,1
xbox is amazing,0
who won skrims?,0
What's in the slurp juice he's drinking?,0
LOL,0
THIS IS HE 600 EPISODE,0
Xbox has a lot of tryhards gonna be honest,0
Ninja finally got a skin,1
helllo,0
tugma,0
PokMewtwo ninjaCreep ninjaCreep ninjaCreep ninjaCreep ninjaCreep,0
ninjaRekt,0
definitely ninjas skin,0
MiniK,0
!length,0
CONFIRMED,-1
LOL,1
xbox players are OP though,0
Amgil,0
confirmed,0
LUL Leaked!,0
who won skrims?,0
Ninja doesn’t luv me,0
ooooooohg heeeee said it!,0
confirmed,1
ShanyaFN just subscribed with Twitch Prime. ShanyaFN subscribed for 4 months in a row!,0
is he doing an after dark stream,0
lmao,0
eeeeeeeeeeeeeeeeeeeeeeeeeeeeeee,1
xxmumferdxx just subscribed with Twitch Prime!,0
nawwwww,0
more clickbait monkaS,0
STOP LEAKING CLOAK,1
Ninja grumpy ????,0
jello,0
Exposed,1
what happened to fear,1
ninjaBlood ninjaTroll ninjaSplat ninjaBomb ninjaStars ninjaPopcorn ninjaFail ninjaIQ ninjaGold ninjaBomb ninjaSplat ninjaWifey ninjaBlast3 ninjaK ninjaHyperr ninjaCry ninjaCRINJA ninjaCRINJA ninjaPopcorn,0
ninja=ligma=bofa=dumb=meme,0
ninjaPon ninjaClap ninjaClap ninjaClap ninjaClap ninjaClap ninjaClap,1
let the rumors start all over again,0
/me ninjaK ninjaHype NEW NINJA SHIRTS & PINS @ metathreads.com/collections/ninja & more Ninja Merch @ tee.pub/lic/ninja ninjaHype ninjaK,0
ninjaPon,0
ninjaBlast2 ninjaBlast2 ninjaBlast2 ninjaBlast2 ninjaBlast2 ninjaBlast2,0
ps4 is a bunch of drug addict,0
ninjaPopcorn Exposed,0
TRIGGGERED,0
@sharpctm you shut your mouth ps4 is for men Xbox is for legends,0
faaze Ninja PogChamp,1
ninjaS,1
ninja definitely like sushi so LUL,0
Lol they just silent now,0
firedestroyer21 just subscribed with Twitch Prime. firedestroyer21 subscribed for 5 months in a row! [SubMessage],0
hey friends,0
this ninjaCreep will ninjaCreep give ninjaCreep me ninjaCreep nightmares,0
k,0
hey guys fortnite funny here i just want to thank you SO much for 1 million subs.,0
Ninja is huge why would he ever need to join a team?,1
So is this the ninja skin?,0
Hi,-1
chrisfarner668 just subscribed with Twitch Prime!,0
Xbox is trash,0
Ninjas been on luminocity kik,0
confirmed,0
It'sss time to ssssstop! nerd3Eli,0
he says when he does meaning if it ever happens... dont clickbait so fast,0
ninjaHi,0
@mr_ogr he's partnered with luminosity,0
whp isnt sober?????/,0
faaaaaaze Ninja,0
Xbox is sooooo garbage,0
ninjaPopcorn,0
Streamer loot confirmed,1
Console Players Complaining whoch console is better LUL,0
!settings,-1
"/me Join the Ninjas, gain loyalty badges, 50 emotes, support Tyler and the stream by subscribing here! twitch.tv/subs/ninja ninjaK ninjaGold",0
Graphics - https,0
too wet,1
i hate chat,1
fazeeeeee yooooo,0
ninjaGold ninjaGold ninjaGold,0
GUYS you cant type f a z a and ninja together,0
xbox is good,0
@bbfan927 for real?,0
beacuse your guy has wooden shoes lmao,0
Steamer loot! FortOne ninjaClap FortOne ninjaClap FortOne ninjaClap FortOne,0
S loot,-1
STREAMER LOO,0
PS4 is better,0
Nate Hill tryna be your 4th,1
ninjaS ninjaS ninjaS,0
Streamer loot enabled,1
LOOTSESDOOTLES,0
kd_legends35 just subscribed with Twitch Prime!,0
No,0
!controls,1
What are your settings,0
Xbox is great people just don’t understand,0
STREAMER LOOT,0
Prank cloak,0
F a z e NINJA,0
I know someone,0
Me,0
yep he's w/luminosity,0
xbox has pedoss on,0
back in my day slurps only gave you 25 shield/health,-1
darkzugerburg just subscribed with Twitch Prime. darkzugerburg subscribed for 6 months in a row! [SubMessage],0
Xbox is amazing iMac isnt,0
True is trash,1
